,,,,,,,,
,,Date | Hour Block,Purchase Bid (MWh),Sell Bid (MWh),MCV (MWh),Final Scheduled Volume (MWh),MCP (Rs/MWh) *,Weighted MCP (Rs/MWh)
,19-09-2024,00 - 01,12133.40,8182.03,7479.25,7479.25,5771.65,5767.55
,,01 - 02,11473.85,9847.65,7456.20,7456.20,4597.66,4599.23
,,02 - 03,11369.00,11242.85,7390.30,7390.30,4404.66,4404.99
,,03 - 04,10917.10,11899.70,7040.77,7040.77,4055.11,4054.96
,,04 - 05,11251.23,11773.03,7309.13,7309.13,4312.91,4314.78
,,05 - 06,12083.00,11149.43,8107.68,8107.68,4548.45,4585.29
,,06 - 07,15734.90,12015.75,10939.40,10939.40,5500.16,5500.27
,,07 - 08,15650.83,15411.88,11324.90,11324.90,4130.47,4151.12
,,08 - 09,12279.88,19404.88,9330.38,9330.38,3122.34,3134.92
,,09 - 10,11415.50,20729.43,8540.03,8540.03,2923.95,2923.67
,,10 - 11,11417.70,21433.18,7997.97,7997.97,2608.74,2609.26
,,11 - 12,10868.48,21270.28,7612.37,7612.37,2499.87,2499.88
,,12 - 13,11207.18,22293.45,7890.98,7890.98,2518.83,2519.04
,,13 - 14,10814.85,22419.48,7743.46,7743.46,2437.49,2436.43
,,14 - 15,11805.10,20950.18,8177.93,8177.93,2676.80,2679.70
,,15 - 16,13131.85,18408.53,8713.13,8713.13,3645.61,3651.22
,,16 - 17,15591.28,15311.60,10409.58,10409.58,4194.92,4198.19
,,17 - 18,14535.03,11606.83,9375.60,9375.60,4515.35,4517.62
,,18 - 19,13682.70,8084.90,7468.95,7468.95,7228.35,7223.88
,,19 - 20,14042.30,5833.70,5816.69,5816.69,10000.00,10000.00
,,20 - 21,11557.40,6070.23,6053.12,6053.12,10000.00,10000.00
,,21 - 22,10699.25,5686.73,5669.63,5669.63,10000.00,10000.00
,,22 - 23,10585.65,6031.78,5784.67,5784.67,8249.95,8272.33
,,23 - 24,10426.15,6154.75,6095.73,6095.73,9874.89,9871.84
,20-09-2024,00 - 01,15648.10,10896.28,9799.80,9799.80,6621.10,6621.17
,,01 - 02,14770.93,11941.10,9707.31,9707.31,5285.08,5286.00
,,02 - 03,13852.93,12773.70,8974.53,8974.53,4996.43,4996.43
,,03 - 04,13259.18,12741.85,8523.20,8523.20,4682.15,4681.24
,,04 - 05,13507.98,12430.15,8647.04,8647.04,4874.55,4880.48
,,05 - 06,14437.45,12214.98,9500.53,9500.53,5071.07,5076.39
,,06 - 07,17952.28,13503.63,12196.63,11215.75,6044.04,6038.73
,,07 - 08,18335.48,17702.13,13273.76,12531.85,4462.37,4488.26
,,08 - 09,14101.68,20008.03,10714.93,10501.87,3243.30,3250.59
,,09 - 10,11682.50,21279.28,8970.00,8963.10,2898.36,2898.35
,,10 - 11,11276.13,22205.80,7805.08,7809.46,2697.61,2700.17
,,11 - 12,10319.53,22310.33,7105.08,7105.08,2520.04,2520.44
,,12 - 13,10222.40,22015.80,6998.77,6998.77,2554.77,2555.74
,,13 - 14,10332.13,22888.05,7157.93,7157.93,2542.58,2543.04
,,14 - 15,12558.35,20995.15,8747.88,8746.26,2957.86,2965.32
,,15 - 16,15117.88,18993.50,10457.18,10455.55,3478.56,3482.25
,,16 - 17,17993.85,16880.70,11958.50,11962.34,4345.75,4369.41
,,17 - 18,17697.58,14188.20,11199.16,11146.16,4899.29,4896.98
,,18 - 19,16398.50,10034.78,9224.83,9220.58,8039.93,7932.97
,,19 - 20,15651.45,5928.65,5928.64,5928.64,10000.00,10000.00
,,20 - 21,13590.70,6125.73,6125.62,6125.62,10000.00,10000.00
,,21 - 22,13724.28,5860.45,5860.35,5860.35,10000.00,10000.00
,,22 - 23,13898.48,6839.63,6839.52,6839.53,10000.00,10000.00
,,23 - 24,14055.45,7537.00,7536.99,7537.00,10000.00,10000.00
,21-09-2024,00 - 01,14730.70,9020.65,8918.90,8918.90,9500.14,9470.76
,,01 - 02,13222.48,10264.43,8981.35,8981.35,6425.42,6421.24
,,02 - 03,12841.73,11177.15,9084.90,9084.90,5295.48,5298.97
,,03 - 04,12218.20,11279.78,8739.83,8739.83,4526.19,4531.61
,,04 - 05,12076.88,11506.68,8684.70,8684.70,4204.37,4206.99
,,05 - 06,12085.28,11405.10,8712.21,8712.36,4300.43,4309.06
,,06 - 07,15615.65,12285.98,10974.12,11201.14,5875.26,5862.39
,,07 - 08,16644.93,16394.08,12681.16,12474.92,4053.69,4067.07
,,,,,,,,
,,Date | Hour Block,Purchase Bid (MWh),Sell Bid (MWh),MCV (MWh),Final Scheduled Volume (MWh),MCP (Rs/MWh) *,Weighted MCP (Rs/MWh)
,21-09-2024,08 - 09,13262.53,19061.88,9904.80,9907.43,3193.72,3199.15
,,09 - 10,12015.83,21190.95,9064.40,9061.85,3057.23,3056.24
,,10 - 11,11932.20,22843.85,8517.05,8517.05,2749.48,2749.36
,,11 - 12,12473.93,23912.68,8819.53,8819.53,3006.55,3008.01
,,12 - 13,12307.13,24354.45,8627.97,8627.97,3041.95,3042.11
,,13 - 14,12134.90,23808.50,8724.53,8724.53,2921.95,2921.80
,,14 - 15,14000.25,22430.40,9799.54,9799.54,3132.01,3133.91
,,15 - 16,15373.95,18985.18,10615.53,10614.60,3655.31,3656.65
,,16 - 17,17169.90,15902.40,11679.80,11623.06,3930.24,3930.50
,,17 - 18,16633.25,12152.28,9940.15,9940.15,4736.41,4674.30
,,18 - 19,15997.68,7617.95,7210.76,7210.76,8675.29,8605.75
,,19 - 20,17371.30,4998.25,4998.25,4998.25,10000.00,10000.00
,,20 - 21,13819.85,4915.38,4915.27,4915.26,10000.00,10000.00
,,21 - 22,12852.23,4734.08,4733.97,4733.97,10000.00,10000.00
,,22 - 23,12837.90,5308.33,5308.22,5308.23,10000.00,10000.00
,,23 - 24,12840.65,5533.75,5533.75,5533.75,10000.00,10000.00
,22-09-2024,00 - 01,10932.53,9163.73,7327.41,7327.41,5125.16,5135.62
,,01 - 02,10746.28,9726.40,7338.33,7338.33,4494.48,4494.77
,,02 - 03,10380.50,10595.95,6994.31,6994.31,4143.83,4145.06
,,03 - 04,9668.28,10219.78,6456.42,6456.42,4018.41,4018.78
,,04 - 05,9558.68,10489.85,6276.49,6276.49,4017.71,4017.97
,,05 - 06,10133.70,10847.33,6691.91,6691.91,4063.04,4065.98
,,06 - 07,12737.75,13204.58,9390.07,9390.07,4162.10,4161.79
,,07 - 08,12620.08,16010.58,9369.90,9369.90,3650.02,3669.80
,,08 - 09,8571.40,17432.73,6543.75,6543.75,2922.97,2928.02
,,09 - 10,7791.35,18426.85,6142.25,6155.30,2638.23,2637.77
,,10 - 11,7723.45,18676.00,5987.38,5987.38,2499.27,2499.27
,,11 - 12,6828.65,17917.30,5331.18,5331.18,1845.10,1848.01
,,12 - 13,6360.03,17554.95,4954.90,4954.90,1781.97,1782.17
,,13 - 14,6685.55,17948.55,5164.70,5164.70,1907.20,1908.31
,,14 - 15,8496.08,17417.75,6432.70,6432.73,2850.65,2854.76
,,15 - 16,10218.93,16259.68,7419.50,7419.50,3083.29,3086.25
,,16 - 17,11079.18,14779.03,7742.53,7742.53,3443.68,3450.28
,,17 - 18,11611.65,13091.90,7394.13,7394.11,3858.49,3863.61
,,18 - 19,11512.63,9973.90,7509.60,7488.90,4838.85,4846.77
,,19 - 20,13720.85,8287.75,8074.75,8027.75,10000.00,10000.00
,,20 - 21,12106.30,8832.35,8219.53,8192.66,9646.90,9650.65
,,21 - 22,10423.35,8289.85,6912.40,7114.62,6695.16,6723.92
,,22 - 23,10251.25,9346.48,6919.15,6865.98,4927.37,4930.64
,,23 - 24,9415.55,9059.55,6357.03,6345.93,4282.44,4287.84
,23-09-2024,00 - 01,11043.33,8142.95,7168.88,7085.10,5844.69,5888.68
,,01 - 02,10156.53,8881.00,6661.30,6652.53,4236.03,4237.44
,,02 - 03,9612.80,9820.78,6208.95,6235.84,4007.49,4008.17
,,03 - 04,9009.23,10396.43,5768.20,6158.75,3678.99,3678.80
,,04 - 05,9315.53,10318.20,5970.65,6058.15,3906.74,3912.74
,,05 - 06,10105.73,10940.65,6589.13,6589.13,3967.37,3975.13
,,06 - 07,12828.40,13257.45,9446.20,9446.20,4083.39,4080.68
,,07 - 08,13800.20,16467.28,10180.68,10180.68,3791.42,3801.36
,,08 - 09,11348.35,19376.85,8201.43,8201.43,3199.03,3203.76
,,09 - 10,10963.93,21226.88,8211.08,8197.93,3142.64,3142.76
,,10 - 11,10423.85,22246.03,7460.33,7421.34,2877.70,2877.52
,,11 - 12,9810.83,22280.60,6946.15,6946.15,2748.43,2749.10
,,12 - 13,8518.93,21747.08,6495.35,6495.35,2185.92,2188.87
,,13 - 14,8725.93,22091.68,6457.93,6456.83,2415.33,2423.38
,,14 - 15,11517.15,19872.58,7608.68,7619.63,3584.35,3594.47
,,15 - 16,13797.58,16320.43,9388.15,9380.73,3936.11,3938.52
,,,,,,,,
,,Date | Hour Block,Purchase Bid (MWh),Sell Bid (MWh),MCV (MWh),Final Scheduled Volume (MWh),MCP (Rs/MWh) *,Weighted MCP (Rs/MWh)
,23-09-2024,16 - 17,15710.33,13362.13,10462.75,10462.75,4290.17,4299.95
,,17 - 18,15963.48,9461.28,8629.83,8629.83,5868.22,5782.43
,,18 - 19,15550.90,6993.28,6832.88,6832.88,9522.59,9506.46
,,19 - 20,18467.95,4921.05,4921.05,4921.05,10000.00,10000.00
,,20 - 21,16115.75,5327.83,5327.82,5327.82,10000.00,10000.00
,,21 - 22,14020.30,4524.58,4524.57,4524.57,10000.00,10000.00
,,22 - 23,13199.55,4913.15,4913.15,4913.14,10000.00,10000.00
,,23 - 24,12531.35,4787.58,4787.57,4759.75,10000.00,10000.00
,24-09-2024,00 - 01,13166.63,6752.93,6565.27,6528.93,9231.46,9278.89
,,01 - 02,11586.45,7360.00,6466.73,6437.83,5400.58,5400.58
,,02 - 03,10716.35,7985.55,6883.35,6414.33,5400.11,5400.11
,,03 - 04,10387.18,8182.38,7059.18,5873.33,4700.12,4713.14
,,04 - 05,9763.05,8184.90,6512.65,5813.40,4284.34,4285.20
,,05 - 06,9980.65,8695.65,6736.10,6736.10,4340.29,4360.95
,,06 - 07,13191.03,10227.60,8965.33,8952.83,5200.11,5200.11
,,07 - 08,13630.10,13224.23,10044.75,10045.55,4272.09,4303.92
,,08 - 09,11091.90,15917.28,7894.45,7879.67,3550.33,3553.95
,,09 - 10,10114.60,16156.85,7223.73,7256.67,3430.74,3431.22
,,10 - 11,9986.90,18049.33,6796.67,6361.85,3010.69,3010.51
,,11 - 12,9593.13,18984.93,6402.44,5827.87,3001.92,3002.99
,,12 - 13,8517.33,18093.15,5418.38,5156.44,2814.40,2812.80
,,13 - 14,8700.40,18521.80,5863.10,5383.11,2699.00,2707.23
,,14 - 15,11340.23,16303.03,7250.04,7055.80,3587.01,3594.77
,,15 - 16,13072.78,13074.60,8266.22,8077.78,4031.47,4032.17
,,16 - 17,14942.85,11534.73,9714.77,9700.64,4795.07,4820.00
,,17 - 18,15842.70,9466.18,9088.70,9089.13,7512.86,7408.48
,,18 - 19,14418.93,6081.90,6027.90,6027.90,10000.00,10000.00
,,19 - 20,17130.13,4118.98,4118.97,4118.97,10000.00,10000.00
,,20 - 21,14643.38,4440.35,4440.35,4440.34,10000.00,10000.00
,,21 - 22,13927.95,3835.30,3835.29,3835.29,10000.00,10000.00
,,22 - 23,13258.03,4187.50,4187.50,4187.49,10000.00,10000.00
,,23 - 24,13010.40,3808.95,3808.95,3808.95,10000.00,10000.00
,25-09-2024,00 - 01,12804.83,6460.83,6432.82,6432.82,10000.00,10000.00
,,01 - 02,11312.43,7180.05,6635.88,6635.88,7040.22,7032.88
,,02 - 03,10905.38,7909.45,6855.75,6855.75,5399.58,5400.85
,,03 - 04,10640.58,8070.80,6696.53,6696.53,4758.45,4765.89
,,04 - 05,10323.35,8128.88,6612.38,6612.38,4431.67,4432.91
,,05 - 06,10897.25,8663.10,7177.53,7177.53,4519.02,4547.72
,,06 - 07,14633.03,10755.48,10125.43,10125.43,5690.94,5689.78
,,07 - 08,15213.53,15065.38,11692.78,11692.78,4234.05,4248.01
,,08 - 09,13288.08,16887.25,9338.56,9338.56,3659.32,3660.73
,,09 - 10,11118.23,15305.38,7601.45,7601.45,3670.82,3670.31
,,10 - 11,10054.25,15833.70,6627.59,6627.59,3401.21,3404.59
,,11 - 12,9160.15,15808.20,6350.93,6350.93,3175.04,3174.71
,,12 - 13,9488.48,16907.93,6367.86,6367.86,3524.63,3524.36
,,13 - 14,9715.83,17585.35,6725.28,6725.28,3529.50,3537.74
,,14 - 15,13089.90,15328.08,8722.80,8722.80,3775.11,3778.46
,,15 - 16,14690.43,14430.40,9494.53,9494.53,4085.42,4087.06
,,16 - 17,16317.68,13971.73,10800.70,10800.70,4268.45,4284.53
,,17 - 18,16074.15,10091.83,9382.07,9382.07,7406.13,7035.32
,,18 - 19,14349.93,5757.18,5757.16,5757.16,10000.00,10000.00
,,19 - 20,14856.28,3852.13,3852.12,3852.12,10000.00,10000.00
,,20 - 21,13164.15,4192.28,4192.27,4192.27,10000.00,10000.00
,,21 - 22,12480.70,3969.10,3969.09,3969.09,10000.00,10000.00
,,22 - 23,10826.00,4176.28,4176.27,4176.27,10000.00,10000.00
,,23 - 24,10966.93,4226.78,4226.77,4226.77,10000.00,10000.00
