,,,,,,,,,
,,,Date | Hour | Time Block,Purchase Bid (MW),Sell Bid (MW),MCV (MW),Final Scheduled Volume (MW),MCP (Rs/MWh) *,Weighted MCP (Rs/MWh)
,24-09-2024,1,00:00 - 00:15,13863.70,6717.90,6717.86,6713.90,10000.00,10000.00
,,,00:15 - 00:30,13412.80,6704.10,6704.10,6700.10,10000.00,10000.00
,,,00:30 - 00:45,12975.00,6767.60,6679.10,6541.70,9999.54,9999.54
,,,00:45 - 01:00,12415.00,6822.10,6160.00,6160.00,6926.31,6926.31
,,2,01:00 - 01:15,12295.90,7343.40,6485.00,6520.10,5400.85,5400.85
,,,01:15 - 01:30,11770.80,7197.90,6315.00,6372.10,5400.71,5400.71
,,,01:30 - 01:45,11337.00,7409.10,6504.20,6516.60,5400.46,5400.46
,,,01:45 - 02:00,10942.10,7489.60,6562.70,6342.50,5400.31,5400.31
,,3,02:00 - 02:15,10911.10,7785.70,6705.50,6298.20,5400.25,5400.25
,,,02:15 - 02:30,10881.40,8087.60,6985.40,6535.80,5400.13,5400.13
,,,02:30 - 02:45,10558.30,8008.90,6890.70,6373.00,5400.05,5400.05
,,,02:45 - 03:00,10514.60,8060.00,6951.80,6450.30,5400.01,5400.01
,,4,03:00 - 03:15,10817.00,8267.70,7387.00,6098.70,5100.92,5100.92
,,,03:15 - 03:30,10577.90,8110.30,7202.70,5813.50,5059.56,5059.56
,,,03:30 - 03:45,10216.20,8122.10,6960.20,5738.20,4339.92,4339.92
,,,03:45 - 04:00,9937.60,8229.40,6686.80,5842.90,4300.07,4300.07
,,5,04:00 - 04:15,9648.60,8163.60,6406.40,5773.90,4228.99,4228.99
,,,04:15 - 04:30,9657.00,8158.50,6413.70,5707.70,4230.05,4230.05
,,,04:30 - 04:45,9852.60,8223.60,6594.40,5905.40,4339.07,4339.07
,,,04:45 - 05:00,9894.00,8193.90,6636.10,5866.60,4339.25,4339.25
,,6,05:00 - 05:15,9275.20,8678.20,6109.00,6109.00,4110.56,4110.56
,,,05:15 - 05:30,9668.40,8557.60,6444.50,6444.50,4208.90,4208.90
,,,05:30 - 05:45,10070.40,8663.30,6778.70,6778.70,4270.89,4270.89
,,,05:45 - 06:00,10908.60,8883.50,7612.20,7612.20,4770.82,4770.82
,,7,06:00 - 06:15,11917.30,8882.20,7844.30,7794.30,5200.07,5200.07
,,,06:15 - 06:30,12816.90,9732.00,8336.10,8336.10,5200.19,5200.19
,,,06:30 - 06:45,13866.30,10887.90,9545.00,9545.00,5200.13,5200.13
,,,06:45 - 07:00,14163.60,11408.30,10135.90,10135.90,5200.05,5200.05
,,8,07:00 - 07:15,14616.80,12356.50,10793.59,10794.40,4999.44,4999.44
,,,07:15 - 07:30,14205.10,12822.10,10602.60,10603.40,4339.47,4339.47
,,,07:30 - 07:45,13432.70,13528.50,9870.20,9871.00,4060.09,4060.09
,,,07:45 - 08:00,12265.80,14189.80,8912.60,8913.40,3689.37,3689.37
,,9,08:00 - 08:15,12254.90,15550.90,8626.40,8627.20,3621.93,3621.93
,,,08:15 - 08:30,11459.40,15888.00,8013.80,8014.60,3621.13,3621.13
,,,08:30 - 08:45,10576.50,16224.50,7643.70,7644.50,3459.03,3459.03
,,,08:45 - 09:00,10076.80,16005.70,7293.90,7232.39,3499.21,3499.21
,,10,09:00 - 09:15,10016.50,16226.40,7326.50,7377.50,3459.27,3459.27
,,,09:15 - 09:30,9983.00,16087.70,7274.00,7327.40,3459.33,3459.33
,,,09:30 - 09:45,10309.20,16145.40,7191.00,7250.59,3459.30,3459.30
,,,09:45 - 10:00,10149.70,16167.90,7103.40,7071.18,3345.06,3345.06
,,11,10:00 - 10:15,9958.80,17117.30,6800.00,6506.77,2889.16,2889.16
,,,10:15 - 10:30,10066.00,17864.20,6949.90,6395.03,3032.98,3032.98
,,,10:30 - 10:45,9961.50,18482.10,6859.90,6311.49,3060.03,3060.03
,,,10:45 - 11:00,9961.30,18733.70,6576.87,6234.10,3060.58,3060.58
,,12,11:00 - 11:15,9724.60,19050.70,6526.13,6006.27,3060.26,3060.26
,,,11:15 - 11:30,9801.40,18934.20,6487.04,6002.04,3060.36,3060.36
,,,11:30 - 11:45,9462.50,18949.20,6327.30,5661.97,2997.15,2997.15
,,,11:45 - 12:00,9384.00,19005.60,6269.30,5641.20,2889.92,2889.92
,,13,12:00 - 12:15,8516.10,18164.20,5369.60,5121.20,2877.60,2877.60
,,,12:15 - 12:30,8518.70,18014.90,5362.40,5154.20,2889.58,2889.58
,,,12:30 - 12:45,8554.50,18072.40,5400.80,5194.45,2889.42,2889.42
,,,12:45 - 13:00,8480.00,18121.10,5540.70,5155.90,2600.99,2600.99
,,14,13:00 - 13:15,8185.30,18599.20,5656.10,5100.76,2335.50,2335.50
,,,13:15 - 13:30,8511.50,18626.20,5789.70,5232.10,2600.70,2600.70
,,,13:30 - 13:45,8754.80,18414.80,5828.30,5566.70,2799.14,2799.14
,,,13:45 - 14:00,9350.00,18447.00,6178.28,5632.88,3060.66,3060.66
,,15,14:00 - 14:15,10554.40,17024.60,6664.20,6392.90,3345.48,3345.48
,,,14:15 - 14:30,11020.30,16594.20,6963.40,6912.01,3621.18,3621.18
,,,14:30 - 14:45,11572.80,16286.90,7433.38,7331.96,3685.39,3685.39
,,,14:45 - 15:00,12213.40,15306.40,7939.18,7586.34,3696.00,3696.00
,,16,15:00 - 15:15,12451.40,13528.80,8052.46,7797.07,4019.65,4019.65
,,,15:15 - 15:30,12783.30,13441.80,8162.40,8148.02,4000.49,4000.49
,,,15:30 - 15:45,13179.00,12689.50,8256.32,8045.18,4020.55,4020.55
,,,15:45 - 16:00,13877.40,12638.30,8593.69,8320.83,4085.17,4085.17
,,17,16:00 - 16:15,14108.80,12409.00,9098.70,9083.70,4019.18,4019.18
,,,16:15 - 16:30,14726.70,11744.00,9649.10,9637.58,4499.10,4499.10
,,,16:30 - 16:45,15066.00,11174.50,9896.00,9881.00,4999.69,4999.69
,,,16:45 - 17:00,15869.90,10811.40,10215.27,10200.28,5662.31,5662.31
,,18,17:00 - 17:15,15892.30,10627.20,10027.00,10027.10,5750.80,5750.80
,,,17:15 - 17:30,15555.20,9664.20,9111.10,9111.10,6300.28,6300.28
,,,17:30 - 17:45,15691.50,9190.60,8951.10,8951.10,8000.51,8000.51
,,,17:45 - 18:00,16231.80,8382.70,8265.60,8267.20,9999.84,9999.84
,,19,18:00 - 18:15,14192.00,6649.60,6557.60,6557.60,10000.00,10000.00
,,,18:15 - 18:30,14372.80,5969.00,5897.00,5897.00,10000.00,10000.00
,,,18:30 - 18:45,14323.80,5856.20,5804.20,5804.19,10000.00,10000.00
,,,18:45 - 19:00,14787.10,5852.80,5852.79,5852.79,10000.00,10000.00
,,20,19:00 - 19:15,17421.10,4007.90,4007.88,4007.89,10000.00,10000.00
,,,19:15 - 19:30,17619.10,4042.40,4042.39,4042.40,10000.00,10000.00
,,,19:30 - 19:45,17363.60,4198.50,4198.50,4198.50,10000.00,10000.00
,,,19:45 - 20:00,16116.70,4227.10,4227.10,4227.10,10000.00,10000.00
,,21,20:00 - 20:15,14682.00,4291.40,4291.40,4291.39,10000.00,10000.00
,,,20:15 - 20:30,14599.20,4347.90,4347.90,4347.90,10000.00,10000.00
,,,20:30 - 20:45,14682.70,4564.70,4564.70,4564.70,10000.00,10000.00
,,,20:45 - 21:00,14609.60,4557.40,4557.40,4557.38,10000.00,10000.00
,,22,21:00 - 21:15,14027.10,3796.40,3796.38,3796.40,10000.00,10000.00
,,,21:15 - 21:30,13961.70,3790.60,3790.60,3790.58,10000.00,10000.00
,,,21:30 - 21:45,13904.60,3850.00,3850.00,3850.00,10000.00,10000.00
,,,21:45 - 22:00,13818.40,3904.20,3904.19,3904.19,10000.00,10000.00
,,23,22:00 - 22:15,13490.30,4075.50,4075.50,4075.50,10000.00,10000.00
,,,22:15 - 22:30,13260.90,4231.40,4231.38,4231.38,10000.00,10000.00
,,,22:30 - 22:45,13174.00,4284.90,4284.90,4284.90,10000.00,10000.00
,,,22:45 - 23:00,13106.90,4158.20,4158.20,4158.18,10000.00,10000.00
,,24,23:00 - 23:15,13384.00,4023.60,4023.58,4023.60,10000.00,10000.00
,,,23:15 - 23:30,13359.70,3857.90,3857.90,3857.89,10000.00,10000.00
,,,23:30 - 23:45,12945.60,3701.00,3701.00,3701.00,10000.00,10000.00
,,,23:45 - 24:00,12352.30,3653.30,3653.30,3653.29,10000.00,10000.00
,,,,,,,,,
,,,Date,Purchase Bid (MW),Sell Bid (MW),MCV (MW),Final Scheduled Volume (MW),MCP (Rs/MWh) *,Weighted MCP (Rs/MWh)
,,24-09-2024,Total (MWh),292013.03,253188.05,159570.77,155010.16,-,-
,,,Max (MW),17619.10,19050.70,10793.59,10794.40,10000.00,10000.00
,,,Min (MW),8185.30,3653.30,3653.30,3653.29,2335.50,2335.50
,,,Average (MW),12167.21,10549.50,6648.78,6458.76,5885.94,5885.94
